<?xml version="1.0" encoding="UTF-8"?>
<project-private xmlns="http://www.netbeans.org/ns/project-private/1">
    <editor-bookmarks xmlns="http://www.netbeans.org/ns/editor-bookmarks/2" lastBookmarkId="0"/>
    <open-files xmlns="http://www.netbeans.org/ns/projectui-open-files/2">
        <group>
            <file>file:/C:/Users/RSP-L17-LT-013/Documents/NetBeansProjects/Project/src/project/Project.java</file>
            <file>file:/C:/Users/RSP-L17-LT-013/Documents/NetBeansProjects/Project/src/project/frontend/Home_Page.java</file>
            <file>file:/C:/Users/RSP-L17-LT-013/Documents/NetBeansProjects/Project/src/project/frontend/Sign_In.java</file>
            <file>file:/C:/Users/RSP-L17-LT-013/Documents/NetBeansProjects/Project/src/project/frontend/Menu.java</file>
            <file>file:/C:/Users/RSP-L17-LT-013/Documents/NetBeansProjects/Project/src/project/frontend/Backend.java</file>
        </group>
    </open-files>
</project-private>
